{
    "metadata": {
        "model_name": "LightGBM",
        "host": "LAPTOP-H2RAPN0M",
        "evaluation_timestamp": "2025-06-15 13:12:34",
        "train_samples": 2628,
        "validation_samples": 490882,
        "test_samples": 490883,
        "validation_auc": 0.9187,
        "validation_f1": 0.8888,
        "status": "PASS",
        "should_update_model": true
    },
    "performance_metrics": {
        "accuracy": {
            "train": 0.9897260273972602,
            "val": 0.8000110006070705,
            "test": 0.8007468174697433
        },
        "precision": {
            "train": 0.9953810623556582,
            "val": 0.999887862376553,
            "test": 0.999834514644181
        },
        "recall": {
            "train": 0.9840182648401826,
            "val": 0.7999278225658466,
            "test": 0.8007091244209564
        },
        "f1_score": {
            "train": 0.9896670493685419,
            "val": 0.888800033528425,
            "test": 0.8892610003079543
        },
        "auc": {
            "train": 0.9994289341571508,
            "val": 0.918716406543995,
            "test": 0.9004621487063325
        },
        "g_mean": {
            "train": 0.9897095688908714,
            "val": 0.8467091854659483,
            "test": 0.8224926170607102
        },
        "specificity": {
            "train": 0.9954337899543378,
            "val": 0.8962264150943396,
            "test": 0.8448687350835322
        },
        "confusion_matrix": {
            "train": [
                [
                    1308,
                    6
                ],
                [
                    21,
                    1293
                ]
            ],
            "val": [
                [
                    380,
                    44
                ],
                [
                    98127,
                    392331
                ]
            ],
            "test": [
                [
                    354,
                    65
                ],
                [
                    97745,
                    392719
                ]
            ]
        },
        "classification_report": {
            "train": {
                "False": {
                    "precision": 0.9841986455981941,
                    "recall": 0.9954337899543378,
                    "f1-score": 0.9897843359818388,
                    "support": 1314.0
                },
                "True": {
                    "precision": 0.9953810623556582,
                    "recall": 0.9840182648401826,
                    "f1-score": 0.9896670493685419,
                    "support": 1314.0
                },
                "accuracy": 0.9897260273972602,
                "macro avg": {
                    "precision": 0.9897898539769261,
                    "recall": 0.9897260273972602,
                    "f1-score": 0.9897256926751903,
                    "support": 2628.0
                },
                "weighted avg": {
                    "precision": 0.9897898539769262,
                    "recall": 0.9897260273972602,
                    "f1-score": 0.9897256926751903,
                    "support": 2628.0
                }
            },
            "val": {
                "False": {
                    "precision": 0.003857593876577299,
                    "recall": 0.8962264150943396,
                    "f1-score": 0.007682121882928506,
                    "support": 424.0
                },
                "True": {
                    "precision": 0.999887862376553,
                    "recall": 0.7999278225658466,
                    "f1-score": 0.888800033528425,
                    "support": 490458.0
                },
                "accuracy": 0.8000110006070705,
                "macro avg": {
                    "precision": 0.5018727281265651,
                    "recall": 0.8480771188300931,
                    "f1-score": 0.4482410777056767,
                    "support": 490882.0
                },
                "weighted avg": {
                    "precision": 0.9990275398675916,
                    "recall": 0.8000110006070705,
                    "f1-score": 0.8880389667251246,
                    "support": 490882.0
                }
            },
            "test": {
                "False": {
                    "precision": 0.0036085994760395113,
                    "recall": 0.8448687350835322,
                    "f1-score": 0.0071865039891187395,
                    "support": 419.0
                },
                "True": {
                    "precision": 0.999834514644181,
                    "recall": 0.8007091244209564,
                    "f1-score": 0.8892610003079543,
                    "support": 490464.0
                },
                "accuracy": 0.8007468174697433,
                "macro avg": {
                    "precision": 0.5017215570601102,
                    "recall": 0.8227889297522444,
                    "f1-score": 0.4482237521485365,
                    "support": 490883.0
                },
                "weighted avg": {
                    "precision": 0.9989841721828299,
                    "recall": 0.8007468174697433,
                    "f1-score": 0.888508093375024,
                    "support": 490883.0
                }
            }
        }
    },
    "fairness_metrics_test": {
        "demographic_parity_difference": 0.04891344336414105,
        "equalized_odds_difference": 0.16,
        "disparate_impact": 0.9890246416816717
    },
    "fairness_metrics_val": {
        "demographic_parity_difference": 0.04687071567135892,
        "equalized_odds_difference": 0.12716763005780346,
        "disparate_impact": 0.9908634058446275
    }
}