{
    "metadata": {
        "model_name": "LightGBM",
        "host": "LAPTOP-H2RAPN0M",
        "evaluation_timestamp": "2025-06-13 23:38:09",
        "train_samples": 51920,
        "validation_samples": 2595324,
        "test_samples": 2595324,
        "validation_auc": 0.8906,
        "validation_f1": 0.8818,
        "status": "FAIL",
        "should_update_model": false
    },
    "performance_metrics": {
        "accuracy": {
            "train": 0.8450500770416025,
            "val": 0.7891396218738007,
            "test": 0.7889932047019949
        },
        "precision": {
            "train": 0.8616123693028138,
            "val": 0.9993315363987001,
            "test": 0.9993451804892193
        },
        "recall": {
            "train": 0.8221494607087827,
            "val": 0.7889493863755777,
            "test": 0.7888099349722295
        },
        "f1_score": {
            "train": 0.8414184620843271,
            "val": 0.8817652667282128,
            "test": 0.8816834736768193
        },
        "auc": {
            "train": 0.9193839224028434,
            "val": 0.8906280016994466,
            "test": 0.890893702779692
        },
        "g_mean": {
            "train": 0.8447397199608855,
            "val": 0.8164985278396028,
            "test": 0.8160481686963214
        },
        "specificity": {
            "train": 0.8679506933744222,
            "val": 0.8450096514136483,
            "test": 0.8442269602703018
        },
        "confusion_matrix": {
            "train": [
                [
                    22532,
                    3428
                ],
                [
                    4617,
                    21343
                ]
            ],
            "val": [
                [
                    7442,
                    1365
                ],
                [
                    545886,
                    2040631
                ]
            ],
            "test": [
                [
                    7246,
                    1337
                ],
                [
                    546294,
                    2040447
                ]
            ]
        },
        "classification_report": {
            "train": {
                "False": {
                    "precision": 0.8299384876054366,
                    "recall": 0.8679506933744222,
                    "f1-score": 0.8485190833945282,
                    "support": 25960.0
                },
                "True": {
                    "precision": 0.8616123693028138,
                    "recall": 0.8221494607087827,
                    "f1-score": 0.8414184620843271,
                    "support": 25960.0
                },
                "accuracy": 0.8450500770416025,
                "macro avg": {
                    "precision": 0.8457754284541252,
                    "recall": 0.8450500770416025,
                    "f1-score": 0.8449687727394277,
                    "support": 51920.0
                },
                "weighted avg": {
                    "precision": 0.8457754284541251,
                    "recall": 0.8450500770416025,
                    "f1-score": 0.8449687727394278,
                    "support": 51920.0
                }
            },
            "val": {
                "False": {
                    "precision": 0.01344952722435879,
                    "recall": 0.8450096514136483,
                    "f1-score": 0.026477625481423503,
                    "support": 8807.0
                },
                "True": {
                    "precision": 0.9993315363987001,
                    "recall": 0.7889493863755777,
                    "f1-score": 0.8817652667282128,
                    "support": 2586517.0
                },
                "accuracy": 0.7891396218738007,
                "macro avg": {
                    "precision": 0.5063905318115295,
                    "recall": 0.816979518894613,
                    "f1-score": 0.45412144610481814,
                    "support": 2595324.0
                },
                "weighted avg": {
                    "precision": 0.9959860339277954,
                    "recall": 0.7891396218738007,
                    "f1-score": 0.8788629245711407,
                    "support": 2595324.0
                }
            },
            "test": {
                "False": {
                    "precision": 0.01309029157784442,
                    "recall": 0.8442269602703018,
                    "f1-score": 0.02578083444370716,
                    "support": 8583.0
                },
                "True": {
                    "precision": 0.9993451804892193,
                    "recall": 0.7888099349722295,
                    "f1-score": 0.8816834736768193,
                    "support": 2586741.0
                },
                "accuracy": 0.7889932047019949,
                "macro avg": {
                    "precision": 0.5062177360335318,
                    "recall": 0.8165184476212657,
                    "f1-score": 0.45373215406026324,
                    "support": 2595324.0
                },
                "weighted avg": {
                    "precision": 0.9960835354262034,
                    "recall": 0.7889932047019949,
                    "f1-score": 0.8788529167395976,
                    "support": 2595324.0
                }
            }
        }
    },
    "fairness_metrics_test": {
        "demographic_parity_difference": 0.02114428458416362,
        "equalized_odds_difference": 0.16348055372445616,
        "disparate_impact": 0.9920833940995343
    },
    "fairness_metrics_val": {
        "demographic_parity_difference": 0.013783974371512131,
        "equalized_odds_difference": 0.8508137432188065,
        "disparate_impact": 0.9963096887382745
    }
}