{
    "metadata": {
        "model_name": "LightGBM",
        "host": "LAPTOP-H2RAPN0M",
        "evaluation_timestamp": "2025-06-16 11:37:17",
        "train_samples": 51872,
        "validation_samples": 2595324,
        "test_samples": 2595324,
        "validation_auc": 0.8636,
        "validation_f1": 0.8784,
        "status": "FAIL",
        "should_update_model": false
    },
    "performance_metrics": {
        "accuracy": {
            "train": 0.8350169648365207,
            "val": 0.7838192842203902,
            "test": 0.783565366019811
        },
        "precision": {
            "train": 0.8581911122104048,
            "val": 0.9993299602906562,
            "test": 0.9993273050528564
        },
        "recall": {
            "train": 0.8026681061073412,
            "val": 0.7836138003130776,
            "test": 0.7833673218886941
        },
        "f1_score": {
            "train": 0.8295015340478942,
            "val": 0.878422264631512,
            "test": 0.87826635343886
        },
        "auc": {
            "train": 0.8828637297080347,
            "val": 0.863647046324991,
            "test": 0.8618764496901358
        },
        "g_mean": {
            "train": 0.8343901263220429,
            "val": 0.8135341396362037,
            "test": 0.8124718713568467
        },
        "specificity": {
            "train": 0.8673658235657001,
            "val": 0.8445969125214409,
            "test": 0.8426577459914638
        },
        "confusion_matrix": {
            "train": [
                [
                    22496,
                    3440
                ],
                [
                    5118,
                    20818
                ]
            ],
            "val": [
                [
                    7386,
                    1359
                ],
                [
                    559700,
                    2026879
                ]
            ],
            "test": [
                [
                    7305,
                    1364
                ],
                [
                    560354,
                    2026301
                ]
            ]
        },
        "classification_report": {
            "train": {
                "False": {
                    "precision": 0.8146592308249438,
                    "recall": 0.8673658235657001,
                    "f1-score": 0.8401867413632119,
                    "support": 25936.0
                },
                "True": {
                    "precision": 0.8581911122104048,
                    "recall": 0.8026681061073412,
                    "f1-score": 0.8295015340478942,
                    "support": 25936.0
                },
                "accuracy": 0.8350169648365207,
                "macro avg": {
                    "precision": 0.8364251715176743,
                    "recall": 0.8350169648365207,
                    "f1-score": 0.8348441377055531,
                    "support": 51872.0
                },
                "weighted avg": {
                    "precision": 0.8364251715176743,
                    "recall": 0.8350169648365207,
                    "f1-score": 0.834844137705553,
                    "support": 51872.0
                }
            },
            "val": {
                "False": {
                    "precision": 0.013024479532204992,
                    "recall": 0.8445969125214409,
                    "f1-score": 0.025653360100446138,
                    "support": 8745.0
                },
                "True": {
                    "precision": 0.9993299602906562,
                    "recall": 0.7836138003130776,
                    "f1-score": 0.878422264631512,
                    "support": 2586579.0
                },
                "accuracy": 0.7838192842203902,
                "macro avg": {
                    "precision": 0.5061772199114306,
                    "recall": 0.8141053564172592,
                    "f1-score": 0.45203781236597906,
                    "support": 2595324.0
                },
                "weighted avg": {
                    "precision": 0.9960065827743104,
                    "recall": 0.7838192842203902,
                    "f1-score": 0.8755488414789021,
                    "support": 2595324.0
                }
            },
            "test": {
                "False": {
                    "precision": 0.012868641208894777,
                    "recall": 0.8426577459914638,
                    "f1-score": 0.02535014783248428,
                    "support": 8669.0
                },
                "True": {
                    "precision": 0.9993273050528564,
                    "recall": 0.7833673218886941,
                    "f1-score": 0.87826635343886,
                    "support": 2586655.0
                },
                "accuracy": 0.783565366019811,
                "macro avg": {
                    "precision": 0.5060979731308756,
                    "recall": 0.8130125339400789,
                    "f1-score": 0.4518082506356721,
                    "support": 2595324.0
                },
                "weighted avg": {
                    "precision": 0.9960322982803443,
                    "recall": 0.783565366019811,
                    "f1-score": 0.8754174102678332,
                    "support": 2595324.0
                }
            }
        }
    },
    "fairness_metrics_test": {
        "demographic_parity_difference": 0.01409856740774651,
        "equalized_odds_difference": 0.16120745022479127,
        "disparate_impact": 0.9951183866843837
    },
    "fairness_metrics_val": {
        "demographic_parity_difference": 0.012139208585026706,
        "equalized_odds_difference": 0.1722397476340694,
        "disparate_impact": 0.9996882120488584
    }
}